﻿Eng;Rus
I (1sg);я (ja), аз (az) (archaic)
you (2sg);ты (ty)
he, she, it (3sg);он (on), она́ (oná), оно́ (onó)
we (1pl);мы (my)
you (2pl);вы (vy)
they (3pl);они́ (oní), оне́ (oné) (archaic, feminine only)
this;э́то (éto), сё (sjo) (archaic, used in expressions)
that;то (to)
here;здесь (zdesʹ), тут (tut)
there;там (tam)
who;кто (kto)
what;что (što)
where;где (gde)
when;когда́ (kogdá)
how;как (kak)
not;не (ne)
all;всё (vsjo) (everything), все (vse) (everybody)
many;мно́гие (mnógije), мно́го (mnógo)
some;не́сколько (néskolʹko), не́которые (nékotoryje)
few;немно́гие (nemnógije), ма́ло (málo) (adverb)
other;друго́й (drugój), ино́й (inój)
one;оди́н (odín)
two;два (dva)
three;три (tri)
four;четы́ре (četýre)
five;пять (pjatʹ)
big;большо́й (bolʹšój), вели́кий (velíkij) (great), кру́пный (krúpnyj)
long;дли́нный (dlínnyj) (size), до́лгий (dólgij) (time)
wide;широ́кий (širókij)
thick;то́лстый (tólstyj)
heavy;тяжёлый (tjažólyj), тя́жкий (tjážkij)
small;ма́ленький (málenʹkij), ма́лый (mályj)
short;коро́ткий (korótkij), кра́ткий (krátkij)
narrow;у́зкий (úzkij)
thin;то́нкий (tónkij)
woman;же́нщина (žénščina)
man (adult male);мужчи́на (mužčína)
man (human being);челове́к (čelovék)
child;ребёнок (rebjónok), дитя́ (ditjá)
wife;жена́ (žená), супру́га (suprúga)
husband;муж (muž), супру́г (suprúg)
mother;мать (matʹ), ма́ма (máma), ма́тушка (mátuška)
father;оте́ц (otéc), па́па (pápa), ба́тюшка (bátjuška)
animal;зверь (zverʹ), зверёк (zverjók), живо́тное (živótnoje)
fish;ры́ба (rýba)
bird;пти́ца (ptíca)
dog;соба́ка (sobáka), пёс (pjos)
louse;вошь (vošʹ)
snake;змея́ (zmejá)
worm;червь (červʹ), червя́к (červják)
tree;де́рево (dérevo)
forest;лес (les)
stick;па́лка (pálka)
fruit;плод (plod), фрукт (frukt)
seed;се́мя (sémja)
leaf;лист (list)
root;ко́рень (kórenʹ)
bark (of a tree);кора́ (korá)
flower;цвето́к (cvetók)
grass;трава́ (travá)
rope;верёвка (verjóvka), бечёвка (bečóvka)
skin;ко́жа (kóža), шку́ра (škúra)
meat;мя́со (mjáso)
blood;кровь (krovʹ)
bone;кость (kostʹ)
fat (noun);жир (žir)
egg;яйцо́ (jajcó)
horn;рог (rog)
tail;хвост (xvost)
feather;перо́ (peró)
hair;во́лос (vólos), во́лосы (vólosy)
head;голова́ (golová), глава́ (glavá) (archaic or poetic)
ear;у́хо (úxo)
eye;глаз (glaz), о́ко (óko) (archaic, poetic or used in set expressions)
nose;нос (nos)
mouth;рот (rot)
tooth;зуб (zub)
tongue (organ);язы́к (jazýk)
fingernail;но́готь (nógotʹ)
foot;стопа́ (stopá), нога́ (nogá)
leg;нога́ (nogá)
knee;коле́но (koléno)
hand;рука́ (ruká)
wing;крыло́ (kryló)
belly;живо́т (živót), брю́хо (brjúxo)
guts;кишки́ (kiškí), вну́тренности (vnútrennosti)
neck;ше́я (šéja)
back;спина́ (spiná)
breast;грудь (grudʹ)
heart;се́рдце (sérdce)
liver;пе́чень (péčenʹ), печёнка (pečónka)
to drink;пить (pitʹ), вы́пить (výpitʹ)
to eat;есть (jestʹ), съесть (sʺjestʹ), ку́шать (kúšatʹ), ску́шать (skúšatʹ)
to bite;куса́ть (kusátʹ), укуси́ть (ukusítʹ)
to suck;соса́ть (sosátʹ), пососа́ть (pososátʹ)
to spit;плева́ть (plevátʹ), плю́нуть (pljúnutʹ)
to vomit;рвать (rvatʹ), блева́ть (blevátʹ)
to blow;дуть (dutʹ), поду́ть (podútʹ)
to breathe;дыша́ть (dyšátʹ)
to laugh;смея́ться (smejátʹsja)
to see;ви́деть (vídetʹ), уви́деть (uvídetʹ)
to hear;слы́шать (slýšatʹ), услы́шать (uslýšatʹ)
to know;знать (znatʹ), ве́дать (védatʹ) (archaic)
to think;ду́мать (dúmatʹ), мы́слить (mýslitʹ)
to smell;ню́хать (njúxatʹ), чу́ять (čújatʹ)
to fear;боя́ться (bojátʹsja)
to sleep;спать (spatʹ)
to live;жить (žitʹ)
to die;умира́ть (umirátʹ), умере́ть (umerétʹ)
to kill;убива́ть (ubivátʹ), уби́ть (ubítʹ)
to fight;боро́ться (borótʹsja), сража́ться (sražátʹsja), дра́ться (drátʹsja)
to hunt;охо́титься (oxótitʹsja)
to hit;ударя́ть (udarjátʹ), уда́рить (udáritʹ)
to cut;ре́зать (rézatʹ), руби́ть (rubítʹ)
to split;разделя́ть (razdeljátʹ), раздели́ть (razdelítʹ)
to stab;коло́ть (kolótʹ), кольну́ть (kolʹnútʹ)
to scratch;цара́пать (carápatʹ), поцара́пать (pocarápatʹ)
to dig;копа́ть (kopátʹ), рыть (rytʹ)
to swim;пла́вать (plávatʹ), плыть (plytʹ)
to fly;лета́ть (letátʹ), лете́ть (letétʹ)
to walk;ходи́ть (xodítʹ), идти́ (idtí)
to come;приходи́ть (prixodítʹ), прийти́ (prijtí)
to lie (as in a bed);лежа́ть (ležátʹ) (state)
to sit;сиде́ть (sidétʹ) (state)
to stand;стоя́ть (stojátʹ) (state)
to turn (intransitive);враща́ть (vraščátʹ), верте́ть (vertétʹ), крути́ть (krutítʹ)
to fall;па́дать (pádatʹ), упа́сть (upástʹ)
to give;дава́ть (davátʹ), дать (datʹ)
to hold;держа́ть (deržátʹ)
to squeeze;сжима́ть (sžimátʹ), сжать (sžatʹ)
to rub;тере́ть (terétʹ), потере́ть (poterétʹ)
to wash;мыть (mytʹ), помы́ть (pomýtʹ), умыва́ть (umyvátʹ), умы́ть (umýtʹ)
to wipe;вытира́ть (vytirátʹ), вы́тереть (výteretʹ)
to pull;тяну́ть (tjanútʹ), тащи́ть (taščítʹ)
to push;толка́ть (tolkátʹ), толкну́ть (tolknútʹ), пиха́ть (pixátʹ), пихну́ть (pixnútʹ)
to throw;броса́ть (brosátʹ), бро́сить (brósitʹ), кида́ть (kidátʹ), ки́нуть (kínutʹ)
to tie;вяза́ть (vjazátʹ), свя́зывать (svjázyvatʹ)
to sew;шить (šitʹ), сшить (sšitʹ)
to count;счита́ть (sčitátʹ), посчита́ть (posčitátʹ)
to say;говори́ть (govorítʹ), сказа́ть (skazátʹ), мо́лвить (mólvitʹ) (archaic)
to sing;петь (petʹ), распева́ть (raspevátʹ)
to play;игра́ть (igrátʹ), поигра́ть (poigrátʹ), сыгра́ть (sygrátʹ)
to float;пла́вать (plávatʹ), плыть (plytʹ)
to flow;течь (tečʹ)
to freeze;замерза́ть (zamerzátʹ), замёрзнуть (zamjórznutʹ), ледене́ть (ledenétʹ), заледене́ть (zaledenétʹ)
to swell;пу́хнуть (púxnutʹ), опу́хнуть (opúxnutʹ), опуха́ть (opuxátʹ), отека́ть (otekátʹ)
sun;со́лнце (sólnce)
moon;луна́ (luná), ме́сяц (mésjac) (half moon)
star;звезда́ (zvezdá)
water;вода́ (vodá)
rain;дождь (doždʹ)
river;река́ (reká)
lake;о́зеро (ózero)
sea;мо́ре (móre)
salt;соль (solʹ)
stone;ка́мень (kámenʹ)
sand;песо́к (pesók)
dust;пыль (pylʹ)
earth;земля́ (zemljá)
cloud;о́блако (óblako), ту́ча (túča)
fog;тума́н (tumán)
sky;не́бо (nébo)
wind;ве́тер (véter)
snow;снег (sneg)
ice;лёд (ljod)
smoke;дым (dym)
fire;ого́нь (ogónʹ)
ash;зола́ (zolá), пе́пел (pépel)
to burn;жечь (žečʹ), сжечь (sžečʹ) (transitive), горе́ть (gorétʹ), сгоре́ть (sgorétʹ) (intransitive)
road;доро́га (doróga), путь (putʹ)
mountain;гора́ (gorá)
red;кра́сный (krásnyj)
green;зелёный (zeljónyj)
yellow;жёлтый (žóltyj)
white;бе́лый (bélyj)
black;чёрный (čórnyj)
night;ночь (nočʹ)
day;день (denʹ)
year;год (god)
warm;тёплый (tjóplyj)
cold;холо́дный (xolódnyj), студёный (studjónyj)
full;по́лный (pólnyj)
new;но́вый (nóvyj)
old;ста́рый (stáryj)
good;хоро́ший (xoróšij), до́брый (dóbryj)
bad;плохо́й (ploxój), злой (zloj)
rotten;гнило́й (gnilój)
dirty;гря́зный (grjáznyj)
straight;прямо́й (prjamój)
round;кру́глый (krúglyj)
sharp (as a knife);о́стрый (óstryj)
dull (as a knife);тупо́й (tupój)
smooth;гла́дкий (gládkij), ро́вный (róvnyj)
wet;мо́крый (mókryj)
dry;сухо́й (suxój)
correct;пра́вильный (právilʹnyj)
near;бли́зкий (blízkij)
far;далёкий (daljókij), да́льний (dálʹnij)
right;пра́вый (právyj)
left;ле́вый (lévyj)
at;при (pri), у (u), во́зле (vózle)
in;в (v)
with;с (s)
and;и (i), да (da)
if;е́сли (jésli), е́жели (jéželi) (dated), ко́ли (kóli) (dated)
because;потому́ что (potomú što), и́бо (íbo)
name;и́мя (ímja)
